{
  "version": 1,
  "author": "Sampath_Samarakkody",
  "editor": "wokwi",
  "parts": [
    { "type": "wokwi-arduino-uno", "id": "uno", "top": -28.2, "left": -77.4, "attrs": {} },
    {
      "type": "wokwi-ili9341",
      "id": "lcd1",
      "top": -410,
      "left": -312.1,
      "rotate": 270,
      "attrs": {}
    },
    {
      "type": "wokwi-analog-joystick",
      "id": "joystick1",
      "top": -298.2,
      "left": 379.8,
      "attrs": {}
    },
    {
      "type": "wokwi-buzzer",
      "id": "bz1",
      "top": -172.8,
      "left": 278.4,
      "attrs": { "volume": "0.1" }
    }
  ],
  "connections": [
    [ "lcd1:GND", "uno:GND.2", "black", [ "h38.4", "v336", "h149.7" ] ],
    [ "lcd1:CS", "uno:10", "green", [ "h172.8", "v288" ] ],
    [ "lcd1:RST", "uno:9", "green", [ "h182.4", "v297.6" ] ],
    [ "lcd1:D/C", "uno:8", "green", [ "h105.6", "v0", "h86" ] ],
    [ "lcd1:MOSI", "uno:11", "green", [ "v0.01", "h162.6" ] ],
    [ "lcd1:SCK", "uno:13", "green", [ "v0.01", "h143.6" ] ],
    [ "lcd1:LED", "uno:3.3V", "green", [ "h67.2", "v364.8", "h-42.6" ] ],
    [ "lcd1:VCC", "uno:5V", "red", [ "h76.8", "v393.6", "h101.8" ] ],
    [ "joystick1:VCC", "uno:5V", "red", [ "v470.4", "h-307.2" ] ],
    [ "joystick1:GND", "uno:GND.3", "black", [ "v403.2", "h-316.8" ] ],
    [ "joystick1:VERT", "uno:A1", "green", [ "v499.2", "h-259.2" ] ],
    [ "joystick1:HORZ", "uno:A0", "green", [ "v518.4", "h-268.8", "v-163.2" ] ],
    [ "joystick1:SEL", "uno:7", "green", [ "v211.2", "h-326.4", "v19.2" ] ],
    [ "uno:3", "bz1:2", "red", [ "v-38.4", "h156.2" ] ],
    [ "uno:GND.1", "bz1:1", "black", [ "v-28.8", "h259.5" ] ]
  ],
  "dependencies": {}
}